labels	start	stop
music	0.0	22.48
noEnergy	22.48	29.080000000000002
male	29.080000000000002	32.480000000000004
music	32.480000000000004	52.800000000000004
noEnergy	52.800000000000004	54.78
music	54.78	55.74
noEnergy	55.74	63.34
male	63.34	68.26
noEnergy	68.26	68.92
male	68.92	71.60000000000001
noEnergy	71.60000000000001	72.0
male	72.0	73.82000000000001
noEnergy	73.82000000000001	74.5
